{"constellation": [{"constellation_name": "Orion", "constellation_id": 8}], "Star_1": [{"pos": [246, 98], "radius": 14, "brightness": 0.35000000000000003, "active": 1}], "Star_2": [{"pos": [177, 152], "radius": 15, "brightness": 0.45, "active": 1}], "Star_3": [{"pos": [220, 314], "radius": 13, "brightness": 0.55, "active": 1}], "Star_4": [{"pos": [267, 367], "radius": 16, "brightness": 0.30000000000000004, "active": 1}], "Star_5": [{"pos": [290, 330], "radius": 14, "brightness": 0.25000000000000006, "active": 1}], "Star_6": [{"pos": [460, 444], "radius": 17, "brightness": 0.20000000000000007, "active": 1}], "Star_7": [{"pos": [572, 465], "radius": 22, "brightness": 0.10000000000000007, "active": 1}], "Star_8": [{"pos": [659, 280], "radius": 19, "brightness": 0.25000000000000006, "active": 1}], "Star_9": [{"pos": [826, 316], "radius": 26, "brightness": 6.938893903907228e-17, "active": 1}], "Star_10": [{"pos": [953, 547], "radius": 24, "brightness": 6.938893903907228e-17, "active": 1}], "Star_11": [{"pos": [937, 594], "radius": 24, "brightness": 6.938893903907228e-17, "active": 1}], "Star_12": [{"pos": [920, 641], "radius": 24, "brightness": 6.938893903907228e-17, "active": 1}], "Star_13": [{"pos": [1076, 896], "radius": 24, "brightness": 6.938893903907228e-17, "active": 1}], "Star_14": [{"pos": [1289, 663], "radius": 25, "brightness": 6.938893903907228e-17, "active": 1}], "Star_15": [{"pos": [1229, 640], "radius": 20, "brightness": 0.20000000000000007, "active": 1}], "Star_16": [{"pos": [1075, 93], "radius": 23, "brightness": 6.938893903907228e-17, "active": 1}], "Star_17": [{"pos": [1106, 137], "radius": 20, "brightness": 0.30000000000000004, "active": 1}], "Star_18": [{"pos": [1165, 239], "radius": 18, "brightness": 0.05000000000000007, "active": 1}], "Star_19": [{"pos": [1148, 295], "radius": 17, "brightness": 0.5, "active": 1}], "Star_20": [{"pos": [1020, 42], "radius": 17, "brightness": 0.20000000000000007, "active": 1}], "Star_21": [{"pos": [948, 33], "radius": 15, "brightness": 0.45, "active": 1}], "Instructions": [{"Connections": [[1,2], [2,3], [3,4], [1,5], [4,6], [4,5], [5,6], [6,7], [7,8], [7,12], [8,9], [9,10], [9,16], [10,11], [11,12], [12,13], [13,14], [14,15], [10,15], [16,17], [17,18], [18,19], [16,20], [20,21]]}], "Explanation_text": [{"Wo/Wann?: ": "Orion begleitet uns den ganzen Winter hindurch und ist DAS typische Wintersternbild. Zu Beginn des Winters finden wir ihn abends im Osten, wo er gerade aufgeht und noch eine halb liegende Position einnimmt. Genau an Silvester, wenn wir das neue Jahr mit einem Feuerwerk begrüßen, steht Orion dann aufrecht im Süden und hat seinen Höchststand über dem Horizont. Ihm genau gegenüber im Norden vollführt der Große Wagen ein gewagtes Kunststück, denn er steht senkrecht auf seiner Deichsel! Wenn es auf den Frühling zugeht, finden wir Orion im Westen, wie er sich zur Seite neigt und bald darauf untergeht. Um ihn herum gruppieren sich viele weitere schöne Sternbilder mit auffällig hellen Sternen. Das sind Fuhrmann und Stier, Großer Hund und Kleiner Hund, Hase und Zwillinge. Orion ist mit seinem Stern Rigel Teil des Wintersechsecks. ", "Nachbarsternbilder: ": "Stier, Fuhrmann, Zwillinge, Kleiner Hund, Einhorn, Großer Hund, Hase, Eridanus", "Lateinischer Name: ": "Orion ", "Mythologie: ": "In der griechischen Mythologie war Orion ein Krieger, der damit prahlte, dass er alle lebenden Tiere töten könne. Gäa, die Erdgöttin, wollte das verhindern und sandte einen Skorpion aus, der Orion töten sollte. Diese Geschichte ist am Himmel zu sehen: Geht der Skorpion im Osten auf, 'fällt' der Orion getroffen im Westen und verschwindet. Aber Orion wird vom Heilsgott Äskulap wiederbelebt, und so ist auch die Umkehrung zu sehen: Skorpion wird von Äskulap verjagt und geht im Westen unter, während Orion im Osten wieder aufersteht. Das geht, weil sich beide Sternbilder am Himmel gegenüberstehen. Steigt eines über den Horizont, verschwindet das Andere unter dem gegenüberliegenden Horizont. "}]}